sequence_id,num_mutations,method,plddt,perplexity,mutated_sequence
0,0,context_masked,52.55168533325195,6.723233598989763,MVKYLVVLGVNIRVDNDCAIRWASLHGHLEVVKYLVSQGANIRAENNFAVEWASRNGHREIVDYLISLDSRIKVKCVFSVRSRHKSFHNPIHRLSYIDID
0,0,no_mask,52.55168533325195,6.723233598989763,MVKYLVVLGVNIRVDNDCAIRWASLHGHLEVVKYLVSQGANIRAENNFAVEWASRNGHREIVDYLISLDSRIKVKCVFSVRSRHKSFHNPIHRLSYIDID
0,0,random,52.55168533325195,6.723233598989763,MVKYLVVLGVNIRVDNDCAIRWASLHGHLEVVKYLVSQGANIRAENNFAVEWASRNGHREIVDYLISLDSRIKVKCVFSVRSRHKSFHNPIHRLSYIDID
0,10,context_masked,44.90888977050781,11.864911170652872,MVKYDVVLGVNIRVDNDCAIPWASLHGHLEVVKYLVSQGAWIRAENNFAVEWASRNGHRWIVDYLPWLMWRIKVKCVWSVWSRHKSFHNPIHRLSYIDID
0,10,no_mask,44.90888977050781,11.864911170652872,MVKYDVVLGVNIRVDNDCAIPWASLHGHLEVVKYLVSQGAWIRAENNFAVEWASRNGHRWIVDYLPWLMWRIKVKCVWSVWSRHKSFHNPIHRLSYIDID
0,10,random,54.07357406616211,8.803643252338182,MVKYAVVLGVNIRVDNDCAIWWASLHGHLEVVKYLVSQGAKIRAENNFAVEWASRNGHRYIVDYLEDLFFRIKVKCVKSVISRHKSFHNPIHRLSYIDID
0,20,context_masked,38.396324157714844,14.665258758739213,MVKPLVVLGVNWRVPWPCAIRWASPHGTLEVVKYLVSQGANIRAENNFWVEWAPPNGHWEIVDYLPSLDSWIKVKCVFMMRSRHKSFHWWWHWLSYIWID
0,20,no_mask,37.802284240722656,14.411533053425739,MVKPLVVLGVNWRVCWPCAIRWASPHGTLEVVKYLVSQGANIRAENNFQVEWAPPNGHGEIVDYLPSLDSWIKVKCVFWMRSRHKSFHWWWHWLSYIWID
0,20,random,51.66459274291992,10.732683236794522,MVKHLVVLGVNCRVAKWCAIRWASHHGALEVVKYLVSQGANIRAENNFEVEWAYINGHWEIVDYLASLDSMIKVKCVFIQRSRHKSFHVRGHQLSYISID
0,30,context_masked,37.72021484375,18.381202082594598,MWWYWVVLGVWWRVMWDCAIRWASLPGHLEVDKYLVWQWANIRAENWFAVEPASPNGHGWDVDYLIWLDSWWKVKCVWWVRWRHMSWHNPIHRWWWIWWD
0,30,no_mask,39.45951461791992,18.697684293083665,MHWYDVVLGVWWRVCWDCAIRWASLPGHLEVWKYLVWQPANIRAENPFAVEPASPNGHGWWVDYLIWLDSWWKVKCVWWVRWRHMSWHNPIHRWWWIWWD
0,30,random,50.78510284423828,13.243208885911814,MNYYDVVLGVHKRVWMDCAIRWASLCGHLEVLKYLVCQKANIRAENQFAVEEASDNGHFILVDYLIDLDSKPKVKCVEPVRERHESWHNPIHRPDLIQSD
0,40,context_masked,30.770498275756836,19.78783701574471,MVWPLPWPGQNWRVPWWCNIMWASLHGTWWVHKPLVSQGANNMAEWWFAVEPASRPPHREWWDYYIWLDSRIWVMWWFSVRSRWKWWHNWIMRLSMMWID
0,40,no_mask,26.729999542236328,18.34796723791752,MVWPLWWPGWNWRVCWPCQIPWASLHGTDWVWKPLVSQGANQMAEPPFAVEPASRPPHREWWDYDIWLDSRIMVWWMFSVRSRWKWWHNWIWRLSWWWID
0,40,random,35.65810775756836,22.262879460696993,MVYVLIKGGKNCRVISQCPISWASLHGNGDVGKRLVSQGANKHAEPIFAVEPASRMCHREQWDYFIKLDSRIFVDIKFSVRSRPKKNHNKIWRLSVKTID
0,50,context_masked,27.39695167541504,18.144437826004964,MVKYMMVMMMNWMVDWDCAIRWASLPGMMWWWCPKWSQGAWIRAWNWPAVPWWPPPGHMEIWMCHIWWDWWWWVKMVWMVWWMHMSFHNPMHRMSMWDWD
0,50,no_mask,26.237287521362305,15.801828968722754,MVKYDWVPMWNWMVDWDCAIRWASLPGTDWWWWPKWSQGAWIRAWNPPAVPWWPPPGHGEIWWPDIWDDWWWMVKWVWWVWWWHMSFHNPWHRWSWWDWD
0,50,random,32.934837341308594,19.941987388218198,MVKYDQVKSINTVVDFDCAIRWASLVGDGARCGSNFSQGAWIRAANAHAVVWLLEGGHNEIKNEVIWYDLVYEVKRVWPVHEPHPSFHNPAHRFSPVDRD
0,60,context_masked,40.6390495300293,8.773185995095725,MVWMLVWWMMMIRWDNMCMMMMMWMHMMLWVMKYLMSQMMMMRAMMMFMMEWMMMMMMMMMWDMLIMWDMMMWVMCMMWVRSMMMMFMMMIHRLSYMDWD
0,60,no_mask,31.5078182220459,13.086505925639177,MVWPLVWPMWWIRWDNPCQQPPWQPHPTLWVWKYLWSQPWWQRAWPPFQQEWWPPPPTGWWWDPLIWDDWWWMVWCMWWVRSWWMWFWWWIHRLSYWDWD
0,60,random,31.73894500732422,20.58695851752335,MVRHLVWSCSYIRGDNECWTITEDTHKDLGVTKYLISQYNPQRAWFWFKCEWTHMLTAICKYDTLIIEDHALWVMCKYDVRSIYDFFKPDIHRLSYEDSD
0,70,context_masked,35.17818069458008,7.67447943283921,WMMYMMMMMVMIMMMNMMMMRMMSMMMHMWVVWYLVWMMMNMWAEMMMMMMWAMMNGCRCIMMYCIMMMMMCKMMMMMMMMMRMMSFMMCIMMMMYMDWD
0,70,no_mask,27.654157638549805,10.591239833075193,PHWYDWWPMVWIMWCNPPQQRPWSPPPHDWVVWYLVWDPWNQMAEPPPQQPPAPPNGTRWIWWYDIWDMWWWKWWWMWWMWWRWMSFWWWIWWWWYWDWD
0,70,random,28.70401954650879,22.005789918099346,FPEYYLQVLVIIMEHNCPIQRVFSDMSHRVVVWYLVPGADNCEAEHGIKHVHAITNGWRRIQCYYIWTFCFAKRDISSRCSCRGCSFTKCIRMQQYWDRD
0,80,context_masked,51.27279281616211,5.2598298339482605,HHKMMWWWGMMMWMHNMCMWMWAMMWGMMMWVMMMMMQMHNMWAHNMMMMMMMMRMMMREMMMMMMCLCCCCCCCCCWSVMCRMMMMMMMMMMMMMCDQD
0,80,no_mask,30.548070907592773,8.72590989679748,PHKPDWWPGWWWMWCNPCQQPPAQPPGTDWWVWPKWWQPWNQMAWNPPQQPPWPRPPTREWWWPDPWLMWWWMWWWMWSVWWRWMWWWWWWWWWWWWDWD
0,80,random,30.77338409423828,23.01785255740801,WMKPMRHDGLWHIFNNNCCKKIAKTVGNKDDVECSLVQHENHHAGNMHLKDCVYRWPRREFDGQKQELFLIRLEDYRDSVAKRYAWMFCKVGEWNWSDYD
0,90,context_masked,27.239288330078125,2.611265168741805,HCMCCCCCCCCCCCCCCCCCCCCSCCCCCCVCCCCCCCCACCCCCCCCCCECCCRCCCCCCVCYCCCCCCCCCCCCCCSVCCCCCCCCCPCCCCCCCMMM
0,90,no_mask,31.220916748046875,6.521402937268403,PHWPDWWPMWWWMWCWPPQQPPWSPPPTDWVWWPKWWDPAWQMWWPPPQQEPWPRPPTGWWVWYDPWDMWWWMWWWMWSVWWWWMWWWWPWWWWWWWWWW
0,90,random,31.1830997467041,24.10522299498114,RCLEDEQRSIFQECMFTNKHNPKSNERRNRVKDKKAHWPAYHKHGWGPQTEHICRYNCNHGVVYEAKIFAAMGDAWECSVMIFKPWPPWPVQMRQCYMWP
0,100,context_masked,23.805192947387695,1.2373868320184656,CCCCCCCCCCCCCCCCCCCCCCCCCCCCCCCCCCCCCCCCCCCCCCCCCCCCCCCCCCCCCCCCCCCCCCCCCCCCCCCCCCCCCCCCCCCCCCCCCFSP
0,100,no_mask,35.14619827270508,3.9339126491601637,PHWPDWWPMWWWMWCWPPQQPPWQPPPTDWWWWPKWWDPWWQMWWPPPQQPPWPPPPTGWWWWPDPWDMWWWMWWWMWWMWWWWMWWWWWWWWWWWWWWW
0,100,random,30.41954803466797,22.30015512244669,KDSAMIRSEPIKGRWYGTNVFTMFIDATDAMLNTISRSYLCLHRKLSHEPIVWPVSFRPVTFMQCNKWFQHKIHISGSQTMMYSFWMKLGQWHDQPTGVM
1,0,context_masked,52.892189025878906,6.851368690300469,VVKYLVVLGVNIRVDNDCAIRWASLHGHLEVVKYLVSQGANIRAENNFAVEWASRNGHREIVDYLISLDSRIKVKCVFSVRSRHKSFHNPIHRLSYIDID
1,0,no_mask,52.892189025878906,6.851368690300469,VVKYLVVLGVNIRVDNDCAIRWASLHGHLEVVKYLVSQGANIRAENNFAVEWASRNGHREIVDYLISLDSRIKVKCVFSVRSRHKSFHNPIHRLSYIDID
1,0,random,52.892189025878906,6.851368690300469,VVKYLVVLGVNIRVDNDCAIRWASLHGHLEVVKYLVSQGANIRAENNFAVEWASRNGHREIVDYLISLDSRIKVKCVFSVRSRHKSFHNPIHRLSYIDID
1,10,context_masked,39.069175720214844,13.848096529494894,VDKYLVVLGVNIRVDNDCAIRWASLHGHLEVDKYDVSQGQNIRAWNWFAQEWASRNGHREIVDYLISLDSRIKVKCVFSVWSWHKSFHNPIHRLSYIDIW
1,10,no_mask,46.90447235107422,12.58091004422121,VNKYLVVLGVNIRVDNDCAIRWASLHGHLEVWKYKVSQGWNIRAWNPFAQEWASRNGHREIVDYLISLDSRIKVKCVFSVWSWHKSFHNPIHRLSYIDIW
1,10,random,40.29605484008789,11.190244272639182,VHKYLVVLGVNIRVDNDCAIRWASLHGHLEVRKYDVSQGRNIRANNWFAHEWASRNGHREIVDYLISLDSRIKVKCVFSVQSCHKSFHNPIHRLSYIDIR
1,20,context_masked,33.063175201416016,23.604474172135735,VVKYLVVLGVNIRWDPDCAQRWASLHGTLEVVKYPVWQGAWIRAENNFAVPPWSRNGHRWIWDYLPSLDWWIKVKCVWSMRSRHKSFHNWIWWLSYIDID
1,20,no_mask,37.27899169921875,22.58390548529038,VVKYLVVLGVNIRWDWDCAQRWASLHGMLEVVKYKVWQGAWIRAENNFAVPPWSRNGHRWIWDYLPSLDWWIKVKCVWSMRSRHKSFHNWIWWLSYIDID
1,20,random,43.089786529541016,13.27693869083393,VVKYLVVLGVNIRNDQDCAKRWASLHGWLEVVKYMVIQGARIRAENNFAVAATSRNGHRLIYDYLTSLDTYIKVKCVQSQRSRHKSFHNWIRPLSYIDID
1,30,context_masked,31.038124084472656,19.11323475771695,VVKYLVWPGVNIRVDWDCAIPPKSLHGILEVVKYDVSQPAWIRWWNNFAVEWASRPPPWEPDDPLISLDWRIKWWCVWSVRSRWKSFHWPWWRWSYIWIW
1,30,no_mask,33.389225006103516,19.921538082915774,VVKYLVWGGVNIRVDWDCAIPPKSLHGMLEVVKYKVSQPAWIRWWNNFAVEWASRPPTGEWWDPLISLDWRIKWWCVWSVRSRMKSFHWPWWRWSYIWIW
1,30,random,39.58420181274414,15.85049410665721,VVKYLVANGVNIRVDKDCAIMYWSLHGYLEVVKYQVSQQAFIRSSNNFAVEWASRGNLAEGQDCLISLDRRIKDHCVASVRSRQKSFHRPLFRQSYIQIN
1,40,context_masked,30.879987716674805,16.622948168594064,VVKYLWVLGQNIWWDWWCAIRPWSLHIHLWWVWYLVWQGPWWRAENNCADEWKSPNGHREIVDPLPWWDWRIWVWWVFSVWWRHMWWHMWWHRLWWIDWD
1,40,no_mask,32.26832962036133,18.09399124776396,VVKYLWVLGWNIMWDWPKAIRPKSLHPHLWWVWYLVWQGWWQRAENNPAQEWWSPNGHREIVDPLPWDDWRIMVWWVFSVWWRHMWWHWWWHRLWWIDWD
1,40,random,42.26679992675781,21.322242135569958,VVKYLNVLGDNILYDFKMAIRRFSLHTHLTWVAYLVYQGQDARAENNEANEWFSKNGHREIVDALHICDFRICVGIVFSVHERHIGQHDYYHRLLAIDKD
1,50,context_masked,35.82734680175781,11.824680544038218,WWKYLVVWGMMIMMMWDCAIRWMSMMGHMMMMMMMMMWGAMIMWEWNMMMMMMSRMGMREWWMMMWSLDSMIMVMCMFMMRSRHMSMHNPMHRMSYIDID
1,50,no_mask,27.8199520111084,19.114006720682138,WNKYLVVGGWWIMWCWDCAIRWKSPPGHDWWWWPKWWDGAWIMWEPNPQQPPWSRPGTREWWWPDPSLDSWIMVWCMFWMRSRHMSWHNPWHRWSYIDID
1,50,random,31.35413932800293,20.89096444779506,FQKYLVVNGMKIDPPADCAIRWYSTNGHYLTRREEKNTGAKIQNEWNWIDHIYSRPGVRESACMIRSLDSSIRVSCSFKGRSRHTSLHNPWHRPSYIDID
1,60,context_masked,45.358089447021484,9.340028537424297,WWMYLVMLMVMMRVDNDCMMMWMMMMMMLEMMKYMMMWGMMMRMMNMMMVMWMMHNMMMMIVWMHISLWSMIKWKCMMSVMMMHMMFMMMMMRLMYMMIM
1,60,no_mask,29.421401977539062,14.975067061029867,WNWYLVWLMVWWRVDNDCQQPWKQPPPMLEWWKYKWWDGWWQRWWNPPQVPWWPPNPTGWIVWPDISLMSWIKWKCMWSVWWWHMWFWWWWWRLWYWWIW
1,60,random,29.231605529785156,21.21269703871134,QCHYLVALEVTYRVDNDCQPGWKFIIVDLEWNKYIKNMGWLSRKWNMTLVTWTEKNAWQKIVLGCISLFSAIKLKCHMSVSNLHYTFVWDKVRLLYMIII
1,70,context_masked,39.62712097167969,6.034688764323032,WHKMLMMLGMNMRVMNMMMMMWAMMMMMCEVMMMWVSMCACIRMMMMFMMMMMMMMMMMMMWDMCIMMMMRIMMMWVMMMRSRMMMFHMMIMMMSMMMMM
1,70,no_mask,31.551654815673828,13.370104186078935,WNKPLWWLGWNWRVCNPKQQPWAQPPPMDEVWWPKVSDPAWIRWWPPFQQPPWPPPPTGWWWDPDIWDMWRIMWWWVWWMRSRMMWFHWWIWWWSWWWWW
1,70,random,37.82421112060547,21.269101939313337,SPKGLFDLGWNQRVWNRMTGAWAHDKMGMEVDDRIVSLVAKIRESTFFRYYKHKTCERLGWCDIEIIHAMRIMRYYVSTHRSREYEFHCYICSTSLDRMK
1,80,context_masked,36.85038757324219,6.897873676494499,CWMMWVHLMWMIMWDWWWAMRMMMMMMMMMWWWWWWWWWANMWAMWMWWWWWMWHNGMRMIMWWWIMLDWWWWMMCMWMMMSMHMSMMMMMMWWWWWMMM
1,80,no_mask,29.690959930419922,8.906634179370862,WNWPDVWLMWWIMWDWPKAQRPKQPPPMDWWWWPKWWDPANQMAWPPPQQPPWPPNGTRWIWWPDIWLDWWWMWWCMWWMWSWHMSWWWWWWWWWWWWWW
1,80,random,30.896305084228516,21.38440676645711,SEAQIVTLWQCIMEDRSAAYRKERKSVGRCRPWGDCHCCANNAASGMYGNRRNPVNGLRIIDLSNIELDLKYETYCLWCWLSGHFSYSTKPTDIMSQTDM
1,90,context_masked,33.37443542480469,3.3949334055029485,CWCMLVHMMMMMMCDCCCCMMMMMMCMMMCCMCMLVCCMMMMMMMMMMMMMMMMMMMMMMMMMMMCMLCMCIMCCCCCCMMSCCCCCCCCCHMLCMMMMM
1,90,no_mask,37.202842712402344,5.851191663150201,WNWPLVWGMWWWMWDWPKQQPPKQPPPMDWWWWPLVWDPWWQMWWPPPQQPPWPPPPTGWWWWPDPWLMWWIMWWWMWWMWSWMMWWWWWWHWLWWWWWW
1,90,random,40.77543640136719,22.06987025539532,QFSRLVTKWLTQVQDHKRRQDTSVTWTEQLWFMFLVIITTCVEKGYEGYMPSEKTQNLESASGMWWDLWGTIMAYNFSKYHSLWFQGSACEHMLLMAKQS
1,100,context_masked,23.805192947387695,1.2373868320184656,CCCCCCCCCCCCCCCCCCCCCCCCCCCCCCCCCCCCCCCCCCCCCCCCCCCCCCCCCCCCCCCCCCCCCCCCCCCCCCCCCCCCCCCCCCCCCCCCCFSP
1,100,no_mask,33.93286895751953,4.788718848080346,WNWPDWWGMWWWMWCWPKQQPPKQPPPMDWWWWPKWWDPWWQMWWPPPQQPPWPPPPTGWWWWPDPWDMWWWMWWWMWWMWWWMMWWWWWWWWWWWWWWW
1,100,random,33.86932373046875,21.991187106897016,QRCAIPLGHDSKSHGYLKLEIASNMGCWKDGIWNMPYCYTLYAKPEQMDLTQTMMDKSYLPWELMYCYQVLRPDERMRRFHPAKQGESLDNFKMTCFHPI
2,0,context_masked,67.3729019165039,3.4654120512592494,MVSQGADIRSNNDCAVRLASQNGRIEVVKYLVNLGAGIRAHNDYAVRMASEEGHLEVVKYLVSLGANIRADNDYAVRWASMDGHHEVVKYLLSLGAKIFH
2,0,no_mask,67.3729019165039,3.4654120512592494,MVSQGADIRSNNDCAVRLASQNGRIEVVKYLVNLGAGIRAHNDYAVRMASEEGHLEVVKYLVSLGANIRADNDYAVRWASMDGHHEVVKYLLSLGAKIFH
2,0,random,67.3729019165039,3.4654120512592494,MVSQGADIRSNNDCAVRLASQNGRIEVVKYLVNLGAGIRAHNDYAVRMASEEGHLEVVKYLVSLGANIRADNDYAVRWASMDGHHEVVKYLLSLGAKIFH
2,10,context_masked,40.52481460571289,6.321754575668982,MVWQGWWIRSNNDCAQRLASQNGRIEVNPYLVNLGAGIRAHNDPAVRMASEEGHLEVDPYLVSLGANIRADNDYAVRWASMDPHHEVVKYLLSLGAKIFH
2,10,no_mask,49.77084732055664,7.063526426009015,MVWQGWFIRSNNDCAWRLASQNGRIEVWWYLVNLGAGIRAHNDPAVRMASEEGHLEVPWYLVSLGANIRADNDYAVRWASMDPHHEVVKYLLSLGAKIFH
2,10,random,49.126708984375,6.933613485128028,MVTQGWLIRSNNDCANRLASQNGRIEVGLYLVNLGAGIRAHNDTAVRMASEEGHLEVFVYLVSLGANIRADNDYAVRWASMDMHHEVVKYLLSLGAKIFH
2,20,context_masked,35.08796310424805,12.298710192861979,MVSQGQDIRWNNDCAVRPASQNGRIEPNKYLVNLGWGWRWHNDYAVRPASEPGHLEVVFYKVSLGANIRADNDYWVPWASPDGPHEWVWYLLWLGAKWFH
2,20,no_mask,36.88855743408203,10.34121265647967,MVSQGWDIRWNNDCAVRPASQNGRIEPWKYLVNLGWGQRWHNDYAVRPASEPGHLEVVWYNVSLGANIRADNDYQVAWASPDGMHEWVWYLLWLGAKWFH
2,20,random,41.844459533691406,9.172905325554616,MVSQGWDIRPNNDCAVRKASQNGRIEFRKYLVNLGQGARQHNDYAVREASEPGHLEVVDYYVSLGANIRADNDYEVWWASPDGKHEMVLYLLRLGAKEFH
2,30,context_masked,31.787490844726562,18.622754303580862,WVSQHWDIRSNNPCAVPLASQNGRIWVVKYDVWPGWWIRMHNDYAVRMASPEGHLEVVPPLPSLMWNIFWDNDYAQPWAWMPGHHWWWKYDLWLWAKIFH
2,30,no_mask,31.843589782714844,19.903237224964943,HVSQPWDIRSNNMCAVALASQNGRICVVKYNVMDGWWIRWHNDYAVRMASPEGHLEVVWPLWSLPWNIMWDNDYAQAWAQMPGHHWWWKYDLWLPAKIFH
2,30,random,48.00133514404297,14.838395880741638,QVSQSPDIRSNNGCAVCLASQNGRIGVVKYSVPEGFRIRKHNDYAVRMASAEGHLEVVDILISLWDNIFFDNDYAWLWAWMYGHHRSLKYELMLTAKIFH
2,40,context_masked,27.584402084350586,17.526507451501004,PWSQGMWWWSNNDCHVPPWSQNGPIWVVKPDVNLMMGWRAHWDYQVRMASPEGHLEWVKPLVSPGRWIRADNDYQVWWHWWDWWHWVWKPNPPPGAKIFW
2,40,no_mask,31.9495849609375,16.53186210945364,HWSQGWFQMSNNDCQVAPWSQNGMICVVKPNVNLPWGQRAHPDYQVRMASPEGHLEWVKPLVSDGWFIRADNDYQVAWWQPDPMHWVWKPDPWDGAKIFW
2,40,random,34.41181564331055,21.137302216506395,CMSQGEKAISNNDCPVNTFSQNGFICVVKHAVNLLKGERAHPDYRVRMASIEGHLEQVKPLVSDGWHIRADNDYSVFWSCKDNIHYVHKVHSEYGAKIFP
2,50,context_masked,31.267955780029297,18.30710148140214,WVSWGNDIRSMWDCADRLNSQPGPWEWVWYNVFPPWWWWWHNMPAVPPQPPPIHWWVVKYLPWLGNNIMWDWDYKVRWDPMDGPHEVWWPNLFPWAKIFH
2,50,no_mask,30.879653930664062,19.770396654116027,HVSDGWDIRSMMDCAWRLWSQPGMKEPVWYNVMDPWWQMWHNMPAVAPWHPPPHWWVVKYLWWLGWNIMWDWDYQVRWWQMDGMHEVWWPDLWDPAKIMH
2,50,random,34.00251388549805,20.51042186287867,TVSAGEDIRSPSDCAQRLTSQEGDQEAVGYKVFCDPTSYVHNKEAVFGNDVVSHAFVVKYLEYLGVNIQGDSDYLVRWMCMDGLHEVAFCFLWINAKIGH
2,60,context_masked,42.59543228149414,7.226581319744286,MVSQGADIRSCNDMMVRMWMQMGMCMMVMMLVNMGACIMMMMMMMMRNASEMGHLMMVMYMVMMMMMMMMMNMMMVRWMMMMMHHMMMMMMMMMMMMMFM
2,60,no_mask,28.71721839904785,14.058229651190667,MVSQGADIRSMNDPQVRPWQQPGMKCPVWPLVNDGAWIMWMPMPQQRPASEPGHLWWVWYNVWDPWFHMWMNPPQVRWWQPPPHHWWWWPDPWDPWWWFW
2,60,random,36.446781158447266,21.428838474179457,MVSQGADIRSRNDFKVREMYQQGQVRDVERLVNDGAMICQFEIDWWRNASEWGHLLYVHYEVQDSMKKNPRNPRVVRWREENCHHTQMVQPFMTWGYNFW
2,70,context_masked,40.061561584472656,8.419603697849901,WWSMWAHIMMMNMMMMMLMMMMMRMMMMMMLMMMCAGMRMHMMMMMCMASWEWCLMWWMYMVCLCWCIRWMMMYMMWWWCMDWWWWWWWYMLCLMCKWFH
2,70,no_mask,31.29344940185547,15.78853709210562,HWSDPAFIMWMNMPQWALWQPPPRKCPWWPLNMDPAGQRWHPMPQQAMASPEPMLWWPWYNVWLPWFIRWMWPYQQAPWQMDPMWWWWWYDLWLPWKWFH
2,70,random,32.522071838378906,21.932989364386916,HKSNAALIFRWNAKWFDLEGYSIRMSKMFELYLEQAGRRNHPYARGKMASREAMLVNCLYQVDLQDDIRCTTVYIINEDLMDNCYRWHGYMLGLPVKRFH
2,80,context_masked,33.53258514404297,5.83151724997349,WWMMMMWMMMMWDWCCMLMMMMMMMMMMMYMCNMMMMMMMCNDCCCCCCSECCHLCVCCCCWWWGCNIMCDCDCCCMWCCMCCHHMCCCCCCCCCCCCMM
2,80,no_mask,29.706743240356445,8.911138592993431,HWWDPWFQMWMMDPQWALWQPPPMKCPWWYNNNDPWWQMWMNDPQQAPWSEPPHLWVPWPNWWDGWNIMWDWDPQQAWWQMPPHHWWWWPDPWDPWWWMW
2,80,random,35.296119689941406,21.495114718763567,DMLIEYEQMMHWDGYQELDQNIHTNYDAIYRYNNMSFSDQTNDMKPPFQSEFAHLPVFDTVFDSGPNIPGDGDLLHEWVQMYHHHFTGNRPWYRAHSRLV
2,90,context_masked,28.396390914916992,3.8821118279404576,CHMMMMWMRMMWDCACMMMSMMMCICCCCCCCCCCACICCCCCCCCCCCCCMGMCCCCCCCCCCCCCCCACCCCCCMCACCMMMMCCCCCMCCCMMMMMQ
2,90,no_mask,29.513906478881836,8.18464818541407,HWWDPWFQRWMMDPAWAPWSPPPMICPWWPNNMDPAWIMWMPMPQQAPWHPPGMWWWPWPNWWDPWFHMAMWPPQQAPAQPPPMWWWWWPDPWDPWWWMW
2,90,random,33.16632843017578,21.787183429299027,FWPMDMNQRMMDDVAFYRPSHAWCIMPWMLVDVSKASIDMFGGSNEVFDVNSGVKTSCLLCERSNHSKLAQPYDSQVLAYGVNDSCDNQHPCNDPDPDYI
2,100,context_masked,23.805192947387695,1.2373868320184656,CCCCCCCCCCCCCCCCCCCCCCCCCCCCCCCCCCCCCCCCCCCCCCCCCCCCCCCCCCCCCCCCCCCCCCCCCCCCCCCCCCCCCCCCCCCCCCCCCFSP
2,100,no_mask,27.472970962524414,4.140995254094882,HWWDPWFQMWMMMPQWAPWQPPPMKCPWWPNNMDPWWQMWMPMPQQAPWHPPPMWWWPWPNWWDPWFHMWMWPPQQAPWQPPPMWWWWWPDPWDPWWWMW
2,100,random,30.311832427978516,21.29473596107118,WFICPFGWKFGSGPPCNCFPDHDVMSQREIGCWCYMDDIMEKHGCFVSNMMQSKNAFFFLQLISQREKSPFVLFPALDSHGCTVVVTSRTMWQTRCTKGI
3,0,context_masked,67.3729019165039,3.4654120512592494,MVSQGADIRSNNDCAVRLASQNGRIEVVKYLVNLGAGIRAHNDYAVRMASEEGHLEVVKYLVSLGANIRADNDYAVRWASMDGHHEVVKYLLSLGAKIFH
3,0,no_mask,67.3729019165039,3.4654120512592494,MVSQGADIRSNNDCAVRLASQNGRIEVVKYLVNLGAGIRAHNDYAVRMASEEGHLEVVKYLVSLGANIRADNDYAVRWASMDGHHEVVKYLLSLGAKIFH
3,0,random,67.3729019165039,3.4654120512592494,MVSQGADIRSNNDCAVRLASQNGRIEVVKYLVNLGAGIRAHNDYAVRMASEEGHLEVVKYLVSLGANIRADNDYAVRWASMDGHHEVVKYLLSLGAKIFH
3,10,context_masked,49.63144302368164,6.664064281378195,MWSQGADIRSNNDPAWRLASPNGRIEVNKYLVNLGAGQRAHNDYAVRMASEEGHLEVVKYLVSLGANIRADNPYAVPPASMDGHHEVWKYLLSLGAKIFH
3,10,no_mask,54.43820571899414,6.259369170641006,MWSQGADIRSNNDPAWRLASPNGRIEVWKYLVNLGAGQRAHNDYAVRMASEEGHLEVVKYLVSLGANIRADNPYAVAPASMDGHHEVWKYLLSLGAKIFH
3,10,random,62.53693771362305,5.660683541738668,MRSQGADIRSNNDTATRLASANGRIEVQKYLVNLGAGWRAHNDYAVRMASEEGHLEVVKYLVSLGANIRADNFYAVIDASMDGHHEVYKYLLSLGAKIFH
3,20,context_masked,34.36965560913086,20.534495493906864,MVSQHADIRSNNDPANPLASQNGRIEVVKYDVWLGWGIRAHNDYAVPMAQEEGHLEWVWYKVSDGANIRADWDPAVRWWHMDIHHWVVKYLLSLGAKIMH
3,20,no_mask,38.74479293823242,15.597287428527602,MVSQPADIRSNNDPAWALASQNGRIEVVKYNVMLGWGIRAHNDYAVAMAHEEGHLEWVWYNVSDGANIRADWDPAVRWWQMDPHHWVVKYLLSLGAKIMH
3,20,random,56.45461654663086,11.151931573340693,MVSQKADIRSNNDWAWNLASQNGRIEVVKYRVVLGGGIRAHNDYAVLMAGEEGHLEQVVYYVSIGANIRADPDTAVRWVDMDAHHDVVKYLLSLGAKIAH
3,30,context_masked,38.11701202392578,20.7318897863266,MWSQGNDIRSNWMCAVRLWHPNITWEVNWYLVNLIAGIMWHNDYKVPPASPPGHLEWDPYNVSLGAFQRADNDYKVRWASMDGTHEVVKYLLSLMAKWFH
3,30,no_mask,34.805152893066406,21.5989776747207,MWSQGWDIRSNMMCAVRLWQPNPMKEVWWYLVNLPAGIMWHNDYQVAPASPPGHLEWPWYNVSLGAFHRADNDYQVRWASMDGMHEVVKYLLSLPAKWFH
3,30,random,41.42766571044922,17.560725606114143,MDSQGNDIRSNFMCAVRLPECNWKPEVRYYLVNLCAGICPHNDYNVSDASGIGHLEISAYQVSLGAGQRADNDYHVRWASMDGPHEVVKYLLSLCAKTFH
3,40,context_masked,28.737768173217773,19.324785077071525,MWSQWADQWSMNDCWWRPHSQNMRWWVVKYLPWDGAGIRWFNDYAVRMQHEEGPWEVVKYNPSLGWNNMADNDYAHRPWHMDWWWWVVKPLWSLMWKWFM
3,40,no_mask,29.033966064453125,21.338073581788233,MWSQPADQMSMNDCQWRPWSQNPRKCVVKYLNMDGAGIRWMNDYAVRMWHEEGMWEVVKYNWSLGWNHMADNDYAQRPWQMDPMWWVVKPLPSLPWKWFW
3,40,random,40.368595123291016,21.9858087557605,MKSQEADQDSMNDCHLRTLSQNCRLSVVKYLTLHGAGIRPWNDYAVRMNTEEGGREVVKYNPSLGPNVWADNDYADRNQQMDCNNFVVKSLHSLDDKMFR
3,50,context_masked,35.306312561035156,12.900886743996237,WWSQGWCWWSNWDWWVPWWSQNGWCEVWKYLWWLGWWIWAHWDWWVRMWWEEWHLWWVKCHVWLWAWMRWCNDYMWWWWWMWWWCEVVKYDPSLGAKHWH
3,50,no_mask,36.13597106933594,20.922267786771453,HWSQGWFQMSNMDPQVAPWSQNGMKEVWKYLNMLGWWIMAHPDPQVRMWHEEPHLWWVKPNVWLPAFHRWMNDYQQAPWQMPPMWEVVKYDPSLGAKWMH
3,50,random,33.52635955810547,20.677394332950655,QNSQGELPSSNPDDMVNCNSQNGKFEVQKYLASLGPMINAHDDRFVRMSVEEKHLCNVKGSVYLSARGRGTNDYVPFFQYMAHVKEVVKYDCSLGAKQPH
3,60,context_masked,43.012786865234375,15.047086990458576,WVMQGAMMWMNNMMMMRMMMMMMMMMMMMWCMMLHAGWCACNWCNDRPASPEGHCEWVKPDVWPWNNIRMCWDWNDPWAPPPGHWEVVKYDPWLGAWIFW
3,60,no_mask,34.77769088745117,15.723893481280596,HVWQGAFQMWNNMPQWRPWQPPPMKCPWWPNNMLPAGQMAMNMPQQRPASPEGHWEWVKPNVWDPWNIRWMWDPQQAWAQPPGHWEVVKYDPWLGAWIFW
3,60,random,29.882741928100586,21.21770344282436,TVDQGALFGNNNSITTRSFLIWQWHDLGILRRMLFAGPYAENLQTDRNASVEGHFENVKADVWPESNIREVGDVSWDWARYWGHFEVVKYDPFLGAMIFI
3,70,context_masked,44.29695510864258,5.851694856551689,HMSMGMHMMMHNMCMMMLASHNMRMMWVKWMMMMCAHIMMHNDHAVHMAHWMMMWMWVKWMMMMMHNIRMHNMMMMMWAMMMMMHMVCMMMMMMWACMMM
3,70,no_mask,35.781654357910156,14.579680824577084,HWSDGWFQMWMNMCQWALASPNPRKCPVKPNNMDPAWIMWMNDPAVAMAHPPPMWWWVKPNWWDPWNIRWMNPPQQAWAQPPPMHWVWWPDPWDPAWWMW
3,70,random,31.351991653442383,22.42690693112473,KFSWGHMYPGLNVCGDWLASRNPRPTLVKDDAQVSAKIEESNDHAVWMAFYHTCHMMVKKCTVIFRNIRNGNYNCGCWAYLTYMHVVMLGNYGSRACFIN
3,80,context_masked,24.347257614135742,7.173101903927806,CMMQMWWMMCNMCCCVRMWSCNMCIMVCCCWWCWWWWWCWWCDWCCWWACCCCWCCVCCCCCCCCCCCRCCMWCACCWASCWGWCCVCKCCCCCWCKIMW
3,80,no_mask,28.610986709594727,11.022261472914225,HWWQPWFQMWNMMPQVRPWSPNPMICVWWPNNMDPWWQMWMPDPQQAPAHPPPMWWVPWPNWWDPWFHRWMWPPAQAPASPPGMWWVWKPDPWDPWKIMW
3,80,random,29.33026885986328,22.009522868077877,YPTQPLNMAVNMNFIVRMFSSNPCILVFRHENIVHQWEIERPDWLRSTAVGDCIVWVNQEIGHQTWPTRMFVSFACIVASLMGSFQVWKVQATQCYKICN
3,90,context_masked,23.99110984802246,3.324578379159203,HHSMCCCCCCCCCCCCCCMMCNMCCCCCCCCCCCCCCCCCCCDWCCCCCCCCCCCCCCCCCCCLCACCCCDCCCCCCCCCCCGHCCCCCCCCCCWWCIMH
3,90,no_mask,29.213010787963867,9.812821568140514,HWSDPWFQMWMMMPQWAPWQPNPMKCPWWPNNMDPWWQMWMPDPQQAPWHPPPMWWWPWPNWWLPAFHMWDWPPQQAPWQPPGHWWWWWPDPWDPWWIMH
3,90,random,41.56904220581055,22.046952130197752,KFSAYVKNHMMMVRTCMQDTMNCLFHASHVAMSIMTTLWPSVDLYYNVYPIFTIMICFCWMQMLVAFWYVDFHSMTWCFTSVGHQNIGTMIKYTRGWIRH
3,100,context_masked,23.805192947387695,1.2373868320184656,CCCCCCCCCCCCCCCCCCCCCCCCCCCCCCCCCCCCCCCCCCCCCCCCCCCCCCCCCCCCCCCCCCCCCCCCCCCCCCCCCCCCCCCCCCCCCCCCCFSP
3,100,no_mask,27.472970962524414,4.140995254094882,HWWDPWFQMWMMMPQWAPWQPPPMKCPWWPNNMDPWWQMWMPMPQQAPWHPPPMWWWPWPNWWDPWFHMWMWPPQQAPWQPPPMWWWWWPDPWDPWWWMW
3,100,random,36.088348388671875,22.777563952980515,HYEVYEERWATMWWGKDQLGHPFLMYGQPIEKICTMINWMRLNCVPLRWEQHYVMLATERMNAQSGWEEQWTLIDIGLSGTYNTCCGICRHHTGLDNFNE
4,0,context_masked,67.3729019165039,3.4654120512592494,MVSQGADIRSNNDCAVRLASQNGRIEVVKYLVNLGAGIRAHNDYAVRMASEEGHLEVVKYLVSLGANIRADNDYAVRWASMDGHHEVVKYLLSLGAKIFH
4,0,no_mask,67.3729019165039,3.4654120512592494,MVSQGADIRSNNDCAVRLASQNGRIEVVKYLVNLGAGIRAHNDYAVRMASEEGHLEVVKYLVSLGANIRADNDYAVRWASMDGHHEVVKYLLSLGAKIFH
4,0,random,67.3729019165039,3.4654120512592494,MVSQGADIRSNNDCAVRLASQNGRIEVVKYLVNLGAGIRAHNDYAVRMASEEGHLEVVKYLVSLGANIRADNDYAVRWASMDGHHEVVKYLLSLGAKIFH
4,10,context_masked,44.17536163330078,7.716554200542369,MVSQGADIRSNNDCAVRLKSQNFRIEVVKYLVNPGAGIRAHNDYAVRMWSPEGHLEVVKPLVSLGAFIRADNDPAVRWASMDGHHEWVKYLLSLGAKIFH
4,10,no_mask,45.230384826660156,6.565051924641362,MVSQGADIRSNNDCAVRLWSQNPRIEVVKYLVNDGAGIRAHNDYAVRMWSPEGHLEVVKPLVSLGAFIRADNDPAVRWASMDGHHEWVKYLLSLGAKIMH
4,10,random,55.85997009277344,5.742103200523442,MVSQGADIRSNNDCAVRLHSQNTRIEVVKYLVNQGAGIRAHNDYAVRMNSKEGHLEVVKALVSLGAIIRADNDKAVRWASMDGHHERVKYLLSLGAKIGH
4,20,context_masked,40.042964935302734,11.71135213902335,MWSCHAWWRSNWDCAVRPASQNGRIEPVKYLVNLGWGIRAHNDYAVPMWSEEGHLEVVKYLVSLGAFIMAMNMYHVRWAQMDGHHEVVPYLPSLGAFIFH
4,20,no_mask,43.780235290527344,11.285945173696334,MWSDPAFQRSNMDCAVRPASQNGRIEPVKYLVNLGWGIRAHNDYAVAMWSEEGHLEVVKYLVSLGAFIMAMNPYQVRWAQMDGHHEVVWYLPSLGAWIFH
4,20,random,51.30088424682617,7.6165203603042055,MNSEMAYLRSNPDCAVRCASQNGRIEAVKYLVNLGMGIRAHNDYAVEMQSEEGHLEVVKYLVSLGAGIIALNMYNVRWAVMDGHHEVVMYLYSLGASIFH
4,30,context_masked,33.56240463256836,17.356064031078333,MVSQCADIRWNNDPAVRPASQNGRCEVNWYLVWLPAWWFAWNDYAVRMAWEEGILWVVKYLVSLGWNIRWWWWYKVPPASMDGHWEVVWYLPWPGAKWFH
4,30,no_mask,35.6680793762207,17.521741641970724,MVSQPADIRWNNDPAVRPASQNGRKEVWWYLVMLPAWQMAMNDYAVRMAHEEGMLWVVKYLVSLGWNIRWMWPYQVAPASMDGHWEVVWYLPWDGAKWFH
4,30,random,48.977760314941406,11.927872596591964,MVSQEADIRRNNDKAVRWASQNGRWEVGPYLVTLPAWDHAFNDYAVRMAWEEGYLTVVKYLVSLGVNIRVEYCYGVSIASMDGHKEVVRYLNFHGAKVFH
4,40,context_masked,30.909801483154297,17.298415191160647,WVWQGAWIRSNWPCAVRLAWPNPIIEVHWPLVNLGWGIMAHNDYWVRPASPPGPLWVVFPDVSLGANIMADNDYAMMWYSMWWWWMWVMWLWWWGWWIFH
4,40,no_mask,26.375656127929688,15.80243703501564,HVWQGAFIRSNMMCAVRLAQPNPMIEVWWPLVNLGWGIMAHNDYQVRPASPPGMLWVVWPNVSLGANIMADNDYAQAWWSMPPMWWWVWPLPWDGWWIFH
4,40,random,26.583396911621094,18.244964895973673,WVCQGASIRSNVFCAVRLAVPNCCIEVGSHLVNLGEGISAHNDYEVRWASPTGLLCVVVQSVSLGANIQADNDYAYQWGSMTCDMYLVDFLAAYGISIFH
4,50,context_masked,28.918684005737305,18.000272083972337,MVSQCYMMRWWNMMWMRWWWWWGRICVVKYLPNDGWGWRACNMMWQFMWSWEGMWEVWCPLVSDGANMRAWNMYNVWCWSMWMHHEVWWMDWSLGAKWFH
4,50,no_mask,29.469919204711914,17.946346226378076,MVSQPWFQRWMNMPQWRPWQPPGRICVVKYLNNDGWGQRAMNMPQQAMWSPEGMWEVPWPLVSDGANHRAMNPYQVAPWSPPPHHEVWWPDPSLGAKWFH
4,50,random,37.53945541381836,20.040130020653642,MVSQFREFRRKNEGMEREPHNWGRIKVVKYLRNWGPGRRAQNKPIRIMRSKEGQQEVACILVSAGANCRAWNWYKVCVSSSQQHHEVGEHACSLGAKVFH
4,60,context_masked,38.779701232910156,12.97274793671085,WVMMMMMMRMNWDMMMRMMSMNMRMEWMMMWCNLCMWIMAWWDYAWMWMSWCMMLCWWMYLMCLWCNCWADNDYMMRWCSMCCCCWVVKYLLMLWMWIMH
4,60,no_mask,30.515579223632812,14.681094764315091,HVWDPWFQRWNMDPQWRPWSPNPRKEPWWPNNNLPWWIMAMPDYAQAPWSPPPMLWWPWYLWWLPWNHMADNDYQQRWWSMPPMWWVVKYLLWLPWWIMH
4,60,random,37.39935302734375,21.19812066657333,FVWLVDCDRVNRDPVDRKISWNSRNERQTVITNLFWLIYAFTDYAYYWMSCRHCLKIQRYLLGLINNRIADNDYMPRWMSMNPQNGVVKYLLILQKWIGH
4,70,context_masked,36.7296142578125,8.356957991060392,WMSMMWWMMMNNMCAMRMMSMMMMMMWVWMLMNMWAWWWAHWDWWVHMWSWWWWWEWWWYLVWLWWWIRWWWMYMWWWWCMWWHMWWVWWWWSLCWWWWM
4,70,no_mask,31.709386825561523,15.113212404185825,HWSDPWFQMWNNMCAWRPWSPPPMKCPVWPLNNDPAWQMAHPDPQVAMWSPPPMWEWPWYLVWLPWFIRWMWPYQQAPWQMPPHWWWVWPDPSLPWWWMW
4,70,random,34.31845474243164,22.397057984386112,GWSIITFTWMNNSCAHRNMSYCQPATCVMNLSNFMAQWHAHKDWIVIMTSSISEHESSIYLVKLPNKIREKYGYQYNHNWMIRHRVMVINNYSLWHLCAM
4,80,context_masked,34.700958251953125,6.994059144435705,HHMMMHHMMHNMMCMMMMMSQMMMMMHVKCLCMMGMMMMMHMMYMCMCACMWGMCMCVCYMMMMMMMCMCDHCCCCMWCCCWGCCCCCCYMLCWGMMMMM
4,80,no_mask,25.265554428100586,8.182947743655275,HWWDPWFQMWNMMCQWAPWSQPPMKCPVKPLNMDGWWQMWHPMYQQAPAHPPGMWWWVWYNWWDPWFHMWDWPPQQAWWQPPGMWWWWWYDLWDGWWWMW
4,80,random,30.792221069335938,22.690697733813586,VSQDESWCLHNFRCCQPHYSQQPKTCPVKVLWVEGCVGERHMAYVDFKAIGCGGACYVIYWWACAQQAHEDLKSVIWWVFIEGSCTYKDYCLNAGPDTVG
4,90,context_masked,23.8801326751709,3.091341367148763,HCMMMCCCCCCCCCCCCCCCCCCCCCCCCYMCCCWAGICCCCCCCCCCCCCCCCCCVCKCCCCLGCCCCCCCCCCCCCCCCCCCHECCCCCCCCCCCCMQ
4,90,no_mask,28.351192474365234,7.714060981314788,HWWDPWFQMWMMMPQWAPWQPPPMKCPWWYNNMDPAGIMWMPMPQQAPWHPPPMWWVPKPNWWLGWFHMWMWPPQQAPWQPPPMHEWWWPDPWDPWWWMW
4,90,random,31.000829696655273,23.224314497378355,DRMKHHMQYPADLENWITFWMRQPNFCDQYCDDQWAGIQSFQPSLWKAGAKKCAFQVQKHEIRLGQRDVMGLYWEGKFYDAVWRHENNWWPEDGQNPNMD
4,100,context_masked,23.805192947387695,1.2373868320184656,CCCCCCCCCCCCCCCCCCCCCCCCCCCCCCCCCCCCCCCCCCCCCCCCCCCCCCCCCCCCCCCCCCCCCCCCCCCCCCCCCCCCCCCCCCCCCCCCCFSP
4,100,no_mask,27.472970962524414,4.140995254094882,HWWDPWFQMWMMMPQWAPWQPPPMKCPWWPNNMDPWWQMWMPMPQQAPWHPPPMWWWPWPNWWDPWFHMWMWPPQQAPWQPPPMWWWWWPDPWDPWWWMW
4,100,random,31.725807189941406,22.02662033523341,RDPMMQNYLPCDLLNNTKNLWVRIPCRYHLAPGGWHFRPLEYWSNLEWSIGDDIMRAYRGWMLISGWFKQNYTFKTIHLMHTRSSYDNFPTDPQTTEGHP
5,0,context_masked,67.9444351196289,10.442947837848672,MSVTLIRPTLGEVYMELRDRKKLARLMIVQDETQRSLSQAAGWRSHSYLGRLLRGEAKTLDTDAALRIAHRLRVPVDDLFVIHVDSNPVADVQKKKNPAA
5,0,no_mask,67.9444351196289,10.442947837848672,MSVTLIRPTLGEVYMELRDRKKLARLMIVQDETQRSLSQAAGWRSHSYLGRLLRGEAKTLDTDAALRIAHRLRVPVDDLFVIHVDSNPVADVQKKKNPAA
5,0,random,67.9444351196289,10.442947837848672,MSVTLIRPTLGEVYMELRDRKKLARLMIVQDETQRSLSQAAGWRSHSYLGRLLRGEAKTLDTDAALRIAHRLRVPVDDLFVIHVDSNPVADVQKKKNPAA
5,10,context_masked,55.338287353515625,20.07097985331657,WWVTWIRPWLGEVYMELRDRKKLARLMIVQDETQRSLSQAAGPRSHSYLGRLPPGEAKTNDTDAAPRIAHRLRVPVDDLFVIHVDSNPVADCQKKKNPAA
5,10,no_mask,55.338287353515625,20.07097985331657,WWVTWIRPWLGEVYMELRDRKKLARLMIVQDETQRSLSQAAGPRSHSYLGRLPPGEAKTNDTDAAPRIAHRLRVPVDDLFVIHVDSNPVADCQKKKNPAA
5,10,random,62.72488784790039,13.645272209153807,VVVTIIRPELGEVYMELRDRKKLARLMIVQDETQRSLSQAAGERSHSYLGRLWAGEAKTRDTDAAKRIAHRLRVPVDDLFVIHVDSNPVADYQKKKNPAA
5,20,context_masked,29.652145385742188,18.809273257099633,MSVTLIRWWWGEVYMELRCCCCLACLMIVQWETQCSLSQAAGWRSHSYLPRPLRGEAKTLDTCCACRIWHRLRVPVCDLKVIHVDCNPVADVQCKKNPAA
5,20,no_mask,30.779621124267578,18.535459277484666,MSVTLIRWWCGEVYMELRCCCCLAPLMIVQWETQCSLSQAAGWRSHSYLPRPLRGEAKTLDTCPAPRIPHRLRVPVCDLNVIHVDCNPVADVQCKKNPAA
5,20,random,59.16026306152344,14.457657980159413,MSVTLIRYLQGEVYMELRFYRTLALLMIVQSETQNSLSQAAGWRSHSYLPRILRGEAKTLDTECAFRIPHRLRVPVVDLGVIHVDRNPVADVQEKKNPAA
5,30,context_masked,30.254316329956055,17.44758522902367,MWVTLIWPTLGCVYMCLRCCCKCACLCIVWDETCRSCSQAAWWRSCCYLGRLLRGCCCTLWTDCACRIWHRLRPPVDDCFVIHMCSNPCADVCKKCNPAA
5,30,no_mask,30.60795783996582,18.116760641803204,MWVTLIWPTLGCVYMCLRCCCKCAPLWIVWDETCRSNSQAAWWRSCCYLGRLLRGCCCTLWTDPAPRIPHRLRPPVDDNFVIHCCSNPCADVCKKCNPAA
5,30,random,35.945770263671875,17.836384005240095,MQVTLISPTLGVVYMVLRIDGKEASLLIVPDETMRSESQAAPWRSGWYLGRLLRGTKWTLTTDFANRIHHRLRAPVDDSFVIHMSSNPMADVIKKCNPAA
5,40,context_masked,28.128456115722656,16.80241555423048,WSVTWIWWTLGWWCMWCWDCKCCCRLMCCQCCTQRSCCQACCWCCHSYLGCLLWGECCTCDTDAAPRCAHRLRVPWCWLFVIHVDSNPVCCVCCKKNCWA
5,40,no_mask,28.20242691040039,19.512093245896203,WSVTWIWWTLGCCCMCCWDCKCCCRLMWCQWNTQRSNWQAPWWHWHSYLGCLLPGECCTNDTDAAPRNAHRLRVPNCILFVIHVDSNPVCCVCCKKNWWA
5,40,random,29.448762893676758,21.45473399582013,SSVTPIQYTLGYQWMSAKDYKEGNRLMFHQIFTQRSDMQACWWKHHSYLGLLLTGEVQTGDTDAAHRPAHRLRVPNHFLFVIHVDSNPVQQVPSKKNDHA
5,50,context_masked,25.759296417236328,13.008820542493572,MSWTWMRPTLCCCCMECCCCKKCACCMICQDECCWSLWWAACWWSHSYLCRWWWGCACTLDTCACCRICHCCCWCCWDCCVWCVDSWPVCDCCKKCNPCC
5,50,no_mask,32.4613151550293,15.378006598097027,MSWTWWRPTLCCCCMECWCCKKCAPCMICQDECCCSLWCAAWWHSHSYLPRPPPGCACTLDTCAPPRIPHPPWPWNCDNNVCCVDSCPVCDCCKKCNPWW
5,50,random,30.61964988708496,20.01357414820899,MSSTRVRPTLASFNMEMWPFKKTAAMMIQQDEWCPSLMGAARWFSHSYLLREISGQAITLDTTATQRIHHDGFGLGFDTWVCRVDSYPVTDHYKKNNPVH
5,60,context_masked,33.49373245239258,13.874852364808897,MWYTLMRYYWGECYMYYRYNYYYYWCMWVWDETWWSMMMMMMMRSHMYMMMLLMWECKCLMWWWALMWWHRLRVPWWDLFMWHVWSWPMWDMMWMMNMMM
5,60,no_mask,24.445280075073242,13.686357240655958,MWWTLWRWWCGECCMCCRCCCCCCPCMWVWDETCCSNWCPPWPRSHCYKPCLLPWECKCLWCCPALCNPHRLRVPNCDLFCCHVCSCPCCDCCCCCNWWW
5,60,random,29.052690505981445,20.837872130045266,MNFTLKRMYYGEKCMMHRYWWHPMVEMGVEDETEVSKQSDWYIRSHRYYFWLLFWEPKLLHRWLALTDGHRLRVPCCDLFWHHVISIPQFDLKERPNGSL
5,70,context_masked,35.048439025878906,10.108760623773376,WMMMMMWPCCWMMCMECCCRCCCCCCMWVCCETCRSCCCWAGMRMMMYMMRMMMCECMMMCCDCCCCCMCRLCCCWWDLCVWWVWSNMWADMQKWMWPMM
5,70,no_mask,24.11868667602539,11.874589435051174,WWWWWWWPWCCCCCMECWCRCCCCPCMWVWWETCRSNWCPAGPRWCCYKPRPPPWECCCNWCDPPPCNPPRLWPWNCDLNVCCVCSNCCADCQKCCCPWW
5,70,random,35.216041564941406,21.375085230706308,SGLMEAPPYSRTPWMEGVIRAEWGDRMSVFEETDRSKRKDAGFRYQMYAQRMNSHERDCCKIDSLPTFRTRLLWTDYDLPVDNVKSNKHADNQKNPKPQI
5,80,context_masked,25.539051055908203,7.269045448338764,CSMMMMRPMMWWMCMWCCWCKCCACLCCCCCECCCCLCCMWGWCCHMMLCMCMMGMCMMMMCDMCCMMCCCMCCCVDCCFCCCCMCCPVCCCCCCCCWAM
5,80,no_mask,26.228641510009766,7.358670297497472,WSWWWWRPWCCCCCMCCWCCKCCAPLWWCWWECCCCLWCPPGPHWHCCLPCPPPGCCCCNWCDPPPCNPPPPWPWVDINFCCCCCCCPVCCCCCCCCWAW
5,80,random,33.6964111328125,21.30321446132111,ISIHTERPDDMVFPMVQHAFKMPADLDSDIFEMIAFLTFIRGFNKHFTLYPPGWGSGRQIFHDEECPEMDANMEEVDMVFYTYIAPAPVSFFFHPATMAV
5,90,context_masked,23.580059051513672,2.9841490112329607,HHMCCCCCCLCCCCCCCCCCCCCCCCMCCQCCCCCCCCCCCGCCCCCCCCCCLCCCCCCCCCCCCCCCCCCCCCCVCDCCCCCCCCNCCCCCCKCCNMMQ
5,90,no_mask,27.114360809326172,5.905213426207331,WWWWWWWWWLCCCCWCCWCCCCCCPCMWCQWNCCCCNWCPPGPHWCCCKPCPLPWCCCCNWCCPPPCNPPPPWPWVCDNNCCCCCCNCCCCCCKCCNWWW
5,90,random,32.34049606323242,21.51197398712712,QGLQANGVMLPRAGWLMDFDFLVPKVMAPQQLREDTALCDRGYYYWDPVPGELCVKGHDYRIEWFHYDMLYATRRVVDCHDLEQTFNFCPLITKGPNWVE
5,100,context_masked,23.805192947387695,1.2373868320184656,CCCCCCCCCCCCCCCCCCCCCCCCCCCCCCCCCCCCCCCCCCCCCCCCCCCCCCCCCCCCCCCCCCCCCCCCCCCCCCCCCCCCCCCCCCCCCCCCCFSP
5,100,no_mask,29.008028030395508,4.059092569865673,WWWWWWWWWCCCCCWCCWCCCCCCPCWWCWWNCCCCNWCPPWPHWCCCKPCPPPWCCCCNWCCPPPCNPPPPWPWNCINNCCCCCCCCCCCCCCCCCWWW
5,100,random,30.995500564575195,21.69422055679326,VQCYNAPANPDAYQCQDVNAMDRLFILPYYYSLLCQWCMMNQCEFIPGNSIDIDAVKVKFKFWNWWKKFTTPTAHYSVVEIMKCKQGFAPKCSCQPRHNE
6,0,context_masked,70.1854019165039,12.417590894784256,MKIKSESEITPDAMLKLRLAKGLSQSKFWKPVCVSAARGSCYETGRNRIPETVKRLLYLYYVLELPIDTPEIAGLTKTVKMNQVRETLTAGIDSLKELNG
6,0,no_mask,70.1854019165039,12.417590894784256,MKIKSESEITPDAMLKLRLAKGLSQSKFWKPVCVSAARGSCYETGRNRIPETVKRLLYLYYVLELPIDTPEIAGLTKTVKMNQVRETLTAGIDSLKELNG
6,0,random,70.1854019165039,12.417590894784256,MKIKSESEITPDAMLKLRLAKGLSQSKFWKPVCVSAARGSCYETGRNRIPETVKRLLYLYYVLELPIDTPEIAGLTKTVKMNQVRETLTAGIDSLKELNG
6,10,context_masked,58.47813415527344,20.067948323810295,MKIKWESCITPDAMLKLRLAPGLSQSKFWWPVCVSAARGSCYETGRNRIPETVKRLLYPYYVLELPIDTPCIAGLTKTVKCNCVRETLTAGIDPLKELNG
6,10,no_mask,62.97268295288086,20.126825791072772,MKIKCESCITPDAMLKLRLAPGLSQSKFHWPVCVSAARGSCYETGRNRIPETVKRLLYPYYVLELPIDTPCIAGLTKTVKCNCVRETLTAGIDPLKELNG
6,10,random,66.5340805053711,12.473915482202543,MKIKYESGITPDAMLKLRLAEGLSQSKFKEPVCVSAARGSCYETGRNRIPETVKRLLYIYYVLELPIDTPIIAGLTKTVKDNFVRETLTAGIDRLKELNG
6,20,context_masked,31.77040672302246,19.453794110863114,MKIWSWSWITPDADLKLDLAKGLSCSKHWKPWCVSAARGSCYETGCNRIPECVKRLLYLWYWLELPIDTPECCCLTKTVKMNQCRECCTCGIDSLKELNW
6,20,no_mask,26.361513137817383,19.284569537647144,MKICSCSCITPDADLKLDLAKGLSCSKHWKPWCVSAARGSCYETGCNRIPECVKRLLYLPYWLELPIDTPECCCLTKTVKMNQCREPHTCGIDSLKELNW
6,20,random,53.320091247558594,17.352781183224813,MKIGSWSMITPDACLKLSLAKGLSESKPWKPHCVSAARGSCYETGKNRIPEGVKRLLYLRYRLELPIDTPEDINLTKTVKMNQEREMRTSGIDSLKELNM
6,30,context_masked,31.244760513305664,17.684907385713274,CKIKSESECTPDACLKCRLCKPLCQCKFWCPVWVWCARCSCCCTGRNRCCCTVCCLPYLYYWWELPIDTPECACCTKTVCMNQVCETLTAGIDSLKELNG
6,30,no_mask,36.70949935913086,21.660883225455176,WKIKSESECTPDADLKPRLPKVLFQCKFHWPVWVWCARDSPDPTGRNRWWCTVWCLHYLYYWWELPIDTPECACCTKTVCMNQVCETLTAGIDSLKELNG
6,30,random,36.81562423706055,18.97304579001458,QKIKSESEATPDAILKKRLWKDLVQNKFLQPVGVGKARFSFIDTGRNRHEWTVACLCYLYYFYELPIDTPESAESTKTVPMNQVPETLTAGIDSLKELNG
6,40,context_masked,32.135459899902344,18.558016647790133,WWIWSEWWWHWDAMPPPRPAKGLSQSKHWWPVWVSCAPPSCNETWCNRWWETWKRLWYLWYWLWPPIWTPWIACLTKCVKMCQVRETLTWGIDSCWECNW
6,40,no_mask,31.26862907409668,18.436542711658483,WWICSECCCCCDAMPPPRPAKGLSQSKHHWPVWVSCACDSCDETWCNRWWETCKRLHYLPYWLWPPICTPCIACLTKCVKMCQVRETLTCGIDSCCECNW
6,40,random,38.76352310180664,20.52551808497263,LPIGSECAKPSDAMHLDRYAKGLSQSKTQLPVEVSDAQFSCCETDCNRNSETFKRLEYLHYGLSAPIRTPTIAQLTKKVKMTQVRETLTWGIDSDLEGNY
6,50,context_masked,34.005916595458984,13.638733151905518,WWWWWWWWITPDWWLWLRLAKWWSWSKFMKPWWVSWMRWMCMMWMRNMWPWTCKRWWYLYWVWELWIWWPEWWGCTKTCKMNQCRWWWTWGIDMLWEWWW
6,50,no_mask,26.200361251831055,16.114010281532533,WWWCCCCCITPDPDLPLRLAKVPSCSKFHKPWWVSCCRDPCDPWWRNWWPCTCKRPHYLYWVWELWICCPECCGCTKTCKMNQCRWPHTCGIDPLCECWW
6,50,random,33.085205078125,19.707479050052907,GGQLCKNPITPDVWLALRLAKTWSHSKFIKPSPVSCQRAMCIKCERNAVPQTIKRYPYLYVVNELGIQIPETLGVTKTIKMNQYRRNGTYGIDMLLEYFY
6,60,context_masked,31.283771514892578,9.717622235343137,WWWWSESEITPWWWMWMRWAWWWSWSKFMWWVCMWAWWWMMYETWRWWWWWTVWWWWWWWWWLEWWIWTWEWAWLCKWCKMNQWWWWLWWGWDMLWWHNG
6,60,no_mask,27.40327262878418,16.00431655718288,WWWCSESEITPCPDPPPRPAPVPSCSKFHWWVCQWACCDPPYETWRCWWWCTVWCPHCPPWWLEPWICTHECACLHKCCKMNQCCWPLPCGCDPLCCCNG
6,60,random,36.62630844116211,21.91311260013834,LYHMSESEITPMYNIPFRNARAMSHSKFMFNVCTAAYMYCKYETERAGTDHTVWENGGCWFPLEVYIGTTEPANLWKPSKMNQFIYALCHGGDDLFPTNG
6,70,context_masked,41.659996032714844,8.129927829401993,WWMMMWWMMMMWAHLKWWWAKGMMQMMMMMMMCMSAMRMMMMMWGMNMIMMWVWWWWWWWWVWELWWWTWCIWGLCKWCKWWWVRWMMMWGIDMWWMMNM
6,70,no_mask,25.956811904907227,12.910493141377733,WWWCCCCCCCCCADLKPDPAKGPFQCCHHWWWCQSACRDPPDPWGCNWIWCCVWCPHCPPWVWELWCCTHCICGLHKCCKCCCVRWPHPCGIDPCCCCNW
6,70,random,34.46769714355469,21.79130365634676,DAKPCHPDGDQAACLKAHSAKGCMQFIHMTLECMSACRYPWIHNGGNGIECWVNTRPQGRWVYELMRQTENISGLQKEKKDMDVRLPDEEGIDTILTGNN
6,80,context_masked,31.02672004699707,6.200232121497156,CKIMWEWWWWWDWCWCLCCCKCWSCCCWWWWCWWWAACWWWWWWWWWWWWWWWCCWCCLCCCCWWPCCCCEWCCLTKCCCCCQCRCCCTCCIMSCCWWMM
6,80,no_mask,27.269168853759766,10.261506801330931,WKICCECCCCCDPDPPLDPPKVPSCCCHHWWWWQWAACDPPDPWWCCWWWCCCWCPHCLPWWWWPPCCCHECCCLTKCCCCCQCRWPHTCPIWSCCCCWW
6,80,random,31.781352996826172,21.656653048955356,WKIMHEDMFNWDKCGSLPMIKLGSSTWWSVKEMSNAACYPWTCYQTHKDRTNDEIAKFLLLESDIPGCANERKRLTKDEYCKQSRVWHTYQITSCWQQRY
6,90,context_masked,26.716876983642578,2.9869913574263363,HHMMMCCCCCCCCCCCCCCCCCCSHSCCCCCVCCCCACCSCCCCCCCCCCCCCCCLCCCCCCCCCCICCCECCCCCKCCCMCCCCCCCCCCCCCCCCMMM
6,90,no_mask,25.429018020629883,7.479657905580224,WWWCCCCCCCCCPDPPPDPPPVPSCSCHHWWVWQWCACDSPDPWWCCWWWCCCWCLHCPPWWWWPWICCHECCCCHKCCCMCCCCWPHPCPCWPCCCCWW
6,90,random,35.21428680419922,22.2569256304227,FTNYVDQMRMFWIQHPGMAPSEYSTSSWKYFVIEPTAECSDKILFPEKTENKPWVLDMYGHGKVTIIVQFEYEFKLKPFCMCCGDAKMESQRYIRYRPRS
6,100,context_masked,23.805192947387695,1.2373868320184656,CCCCCCCCCCCCCCCCCCCCCCCCCCCCCCCCCCCCCCCCCCCCCCCCCCCCCCCCCCCCCCCCCCCCCCCCCCCCCCCCCCCCCCCCCCCCCCCCCFSP
6,100,no_mask,26.104501724243164,4.826200424655745,WWWCCCCCCCCCPDPPPDPPPVPFCCCHHWWWWQWCCCDPPDPWWCCWWWCCCWCPHCPPWWWWPWCCCHCCCCCHCCCCCCCCCWPHPCPCWPCCCCWW
6,100,random,37.76346969604492,21.487881463140294,KGSHIAEQANCIFPYVFHQHLKDRCWDVCPCGPNIHYLAKQTGKNLFTSRTAKQNETNIKKKMVSMMMWHLAVNIATYSRLHVGAGYSHQDQIKIMMAVC
7,0,context_masked,65.81414794921875,9.855334817133652,MSVTLIRPTLREVYMELRDRKKLARLMIVQDETQRSLSKAAGWSSHSYLGRLLRGEVKTLDLEAAIRIAHRLRVPVDDLFVIHVDSNPEPSGPKKKSPAA
7,0,no_mask,65.81414794921875,9.855334817133652,MSVTLIRPTLREVYMELRDRKKLARLMIVQDETQRSLSKAAGWSSHSYLGRLLRGEVKTLDLEAAIRIAHRLRVPVDDLFVIHVDSNPEPSGPKKKSPAA
7,0,random,65.81414794921875,9.855334817133652,MSVTLIRPTLREVYMELRDRKKLARLMIVQDETQRSLSKAAGWSSHSYLGRLLRGEVKTLDLEAAIRIAHRLRVPVDDLFVIHVDSNPEPSGPKKKSPAA
7,10,context_masked,51.651268005371094,18.4620051490026,MSWTLIRPTLREVYMELRDRKKLARLMIVQWETCRSLSKAAGWSSHCYLPRLPRGEVKTLWLEAAIRPAHRLRVPVDDLFVIHVDSNPECCGPKKKSPAA
7,10,no_mask,51.651268005371094,18.4620051490026,MSWTLIRPTLREVYMELRDRKKLARLMIVQWETCRSLSKAAGWSSHCYLPRLPRGEVKTLWLEAAIRPAHRLRVPVDDLFVIHVDSNPECCGPKKKSPAA
7,10,random,61.361873626708984,12.602711556823285,MSPTLIRPTLREVYMELRDRKKLARLMIVQCETYRSLSKAAGWSSHHYLKRLQRGEVKTLWLEAAIRNAHRLRVPVDDLFVIHVDSNPERYGPKKKSPAA
7,20,context_masked,34.738006591796875,19.51585755575023,WSVTLIRPTLREVCCCLRCCKKLWRLWIVQDETQRCLSCAAGWSSHCYLGCLLRGEVWTLDLEAAIRIPHRLWVPVCDNFVIHVDSNCECSGPKKKSPWA
7,20,no_mask,42.466148376464844,19.718280727596667,WSVTLIRPTLREVCCCLRCCKKLCRLPIVQDETQRCLSCAAGWSSHCYLGCLLRGEVWTLDLEAAIRIWHRLWVPVCDNFVIHVDSNCECSGPKKKSPWA
7,20,random,45.7365837097168,15.5589292421354,WSVTLIRPTLREVLGMLRHVKKLERLEIVQDETQRFLSIAAGWSSHLYLGKLLRGEVTTLDLEAAIRIKHRLGVPVWDNFVIHVDSNNETSGPKKKSPPA
7,30,context_masked,28.421295166015625,18.142673471883025,WSVTLIRPTLCEVYMCCRCCKKLPRCCICQDECQCSLSKCAMWWSHCCCCCLWRWEVKCCDLEAAPRIAPRLRVWVDDLFVCHVDCNPEPSGPKCKSPAA
7,30,no_mask,30.935958862304688,19.67579683180293,WSVTLIRPTLCEVYMCCRCCKKLCRCPICQDECQCSLSKPAWWWSHCCKPCLPRWEVKWNDLEAAPRIAPRLRVWVDDLFVCHVDCNPEPSGPKCKSPAA
7,30,random,39.18364715576172,19.651803697390726,DSVTLIRPTLMEVYMTHRYYKKLYRQCIKQDEEQVSLSKGAMWQSHMSVSYLERMEVKCFDLEAAFRIARRLRVNVDDLFVRHVDHNPEPSGPKSKSPAA
7,40,context_masked,32.693641662597656,15.775865753026647,MWVCCIRCTLREVYCELRCCKCCARCCIVQCECQRCCCCCWMWSSHSCLGRLPRGEVKCCDLCAAIRIWHRLWNWVDDLHCCHCCCNPECCGPKKKSCCM
7,40,no_mask,30.39482879638672,18.089182217213445,MWVCCIRCTLREVYCELRCCKCCARCPIVQWECQRCNWCPPWWSSHSCLGRLPRGEVKWNDLCAAIRIWHRLWPWVDDLNCCHCCCNPECCGPKKKSWWW
7,40,random,38.754146575927734,19.609671161263297,MFVQRIRATLREVYAELRLTKCNARTRIVQEEAQRAQHPKCHWSSHSVLGRLQRGEVKRMDLCAAIRINHRLVNGVDDLHMHHMKTNPEYHGPKKKSFEH
7,50,context_masked,31.00274658203125,13.742728250968316,MWWTLIRWTLWWVWMWWWDCCCCCCLMWCQDECHCSLSKCAGWHSHSYCPRPPRGCCKCLWCEAPICNAHRPWPPVDCLCCCHCDCCPWPSGCKCKCWAA
7,50,no_mask,31.332307815551758,14.51781867339721,MWWTLIRCTLCCVCMCCWDCCCCCPLMWCQDECCCSLSKPAGPWSHSYKPRPPRGCCKWLWCEAPICPAHRPWPPVDPLNCCHCDCCPCPSGCKCKCWAA
7,50,random,42.780818939208984,20.607989730675904,MGDTLIRWTLNCVEMCMCDKQEMQHLMQSQDEVMFSLSKHAGYQSHSYVVRAIRGNPKILHPEAVIYFAHRSQSPVDCLIRWHEDAAPLPSGEKMKECAA
7,60,context_masked,39.082393646240234,13.441895539612705,WYVMMMRPMMMMMMMMMRDMCMLARCMIMQCCCQCCWSCAWGMSSMSYLGCLCRWEVWMLWLEWAWWWMHMMMMMWDMMFMMHMMSWPEPMGMCKKWPMM
7,60,no_mask,29.431411743164062,11.83748602879818,WWVCCWRPCCCCCCCCCRDCCCLARCMICQWPCQCCNSCAPGPSSCSCLGCLPRWEVWWLWLECAPCPWHPPWPWNDPNFCCHCCSCPEPCGCCKKCPWW
7,60,random,39.0457763671875,18.9396207797435,PEVSNERPFRLFTDDYDRDHIHLARRMIKQIGKQELHSEAFGTSSTSSLGNLTRMEVEALRLEDALIMHHGWCRELDRHFKAHRGSEPEPEGCVKKVPNC
7,70,context_masked,36.28661346435547,7.93705701796932,CMMMMMRMMMRWVYMWWWDRKCLCWCMWWWDMCCCCCCCCCCWSCCMYLMRLCCCWVKCMMLMMMMRMMHRMMMMMMMLFCIMMMSMPMMSGMMMMMMWA
7,70,no_mask,24.673019409179688,10.702926938372979,WWWCCWRCCCRCVYMCCWDRKCLCPCMWCWDPCCCCNWCPPWPSWCCYLPRLPPWCVKWNWLCCPPRPWHRPWPWNCPLFCICCCSCPCCSGCCCCCWWA
7,70,random,31.830860137939453,20.397104156481404,FIPGGTRSMKRVVYMFWSDRKELKNGMQSCDRSEDNPTFCVFCSFDTYLNRLNECVVKCRALARRGRYSHRVGPASLYLFDIPYFSKPYSSGQNGTGQTA
7,80,context_masked,28.662263870239258,5.754958588329314,CWVWHIHHTHMCMYMCLCCCKCCCCLCCCQCCTCCCCCCCCCCCCCCCLCCCCWGCVCCCCLCCCCCCCCCCCCPCCCCCCCHMCCNCECSMCMCKCMWA
7,80,no_mask,27.999011993408203,8.653847970407568,WWVCCIWCTCCCCYCCLWCCKCCCPLPWCQWPTCCCNWCPPWPWWCCCLPCPPPGCVWWNWLCCPPCPWPPPWPPNCPNNCCHCCCNCECSCCCCKCWWA
7,80,random,32.1505241394043,22.641893200669937,NMVHMIESTIINPYWLLDPEKASDWLVSYQCNTVHNHQNGNEIHETEELTSARKGAVWESYLRSFPCMKCTSNDPGWQEQHSHISWNWEMSVSCTKDQYA
7,90,context_masked,30.382827758789062,2.4753527194180123,MCCCCCRCCCRCCYMCCRDCKCCCCCCCCQCCCCCCCSCCCCCCCCCCLCCCCMCCCMMMMMMMMMMMMMMMMMMMMMMMMMMMCCCCCCCCCCMMMMMM
7,90,no_mask,24.529537200927734,5.4554667555742595,MWWCCWRCCCRCCYCCCRDCKCCCPCPWCQWPCCCCNSCPPWPWWCCCLPCPPPWCCWWNWCCCPPCPWPPPWPWNCPNNCCCCCCCCCCCCCCCCCWWW
7,90,random,36.81560516357422,21.64883159991709,MENCMVRHLWRYMYYKFRDTKRRGVWLWHQMVITGAWSLVWCMKVAGVLQYQEFQWHIMFANCMDESVWVFVWSQLHLQRPNRRRPCGPYFCWFEMHHPR
7,100,context_masked,23.805192947387695,1.2373868320184656,CCCCCCCCCCCCCCCCCCCCCCCCCCCCCCCCCCCCCCCCCCCCCCCCCCCCCCCCCCCCCCCCCCCCCCCCCCCCCCCCCCCCCCCCCCCCCCCCCFSP
7,100,no_mask,24.036943435668945,4.074000445378954,WWWCCWWCCCCCCCCCCWCCCCCCPCPWCWWPCCCCNWCPPWPWWCCCKPCPPPWCCWWNWCCCPPCPWPPPWPWNCPNNCCCCCCCCCCCCCCCCCWWW
7,100,random,29.610422134399414,22.947193873648782,VNWAASVKGKCTLDGHKIWMPWEMVDCVPNWIHVCMQCPYVCIMNMTDEYSMSWVKSAQNIFFNEMVNKDSWQWAPEKKAKYITPMHWGQCHFGWSGGIF
8,0,context_masked,65.81414794921875,9.855334817133652,MSVTLIRPTLREVYMELRDRKKLARLMIVQDETQRSLSKAAGWSSHSYLGRLLRGEVKTLDLEAAIRIAHRLRVPVDDLFVIHVDSNPEPSGPKKKSPAA
8,0,no_mask,65.81414794921875,9.855334817133652,MSVTLIRPTLREVYMELRDRKKLARLMIVQDETQRSLSKAAGWSSHSYLGRLLRGEVKTLDLEAAIRIAHRLRVPVDDLFVIHVDSNPEPSGPKKKSPAA
8,0,random,65.81414794921875,9.855334817133652,MSVTLIRPTLREVYMELRDRKKLARLMIVQDETQRSLSKAAGWSSHSYLGRLLRGEVKTLDLEAAIRIAHRLRVPVDDLFVIHVDSNPEPSGPKKKSPAA
8,10,context_masked,65.27561950683594,14.193830381924943,MSVTLWRPTLREVCMCLRDRKKLARLMIVQDETQRSLSKAAWWNSHSYLGRLLRGEVKTLWLEAAIRIAHRLRVPVDDLFVIHVCSCPEPSGPKKKSWAA
8,10,no_mask,60.44084548950195,14.039851793154517,MSVTLWRPTLREVCMCLRDRKKLARLMIVQDETQRSLSKAAWPWSHSYLGRLLRGEVKTLWLEAAIRIAHRLRVPVDDLFVIHVCSCPEPSGPKKKSWAA
8,10,random,61.70737838745117,11.58928275591496,MSVTLHRPTLREVAMFLRDRKKLARLMIVQDETQRSLSKAARDFSHSYLGRLLRGEVKTLWLEAAIRIAHRLRVPVDDLFVIHVRSHPEPSGPKKKSHAA
8,20,context_masked,33.29338836669922,19.805442737900297,WSVTLIRPTLRCVNMELCDRCKLARCCIVQDPTQRSLSKPAGWHSHSYLGRLLRGCCKWLDLCAACRNAHPLWPPVDCLFVIHVDSNPEPSGPKKKSPAA
8,20,no_mask,35.9543571472168,18.844374671578763,WSVTLIRPTLRCVCMELWDRCKLARCPIVQDPTQRSLSKPAGWWSHSYLGRLLRGCCKWLDLCAAPRPAHPLWPPVDPLFVIHVDSNPEPSGPKKKSPAA
8,20,random,48.367069244384766,18.893539154763076,ISVTLIRPTLRNVWMELPDRCKLARNSIVQDDTQRSLSKRAGWDSHSYLGRLLRGCRKQLDLQAAGRLAHDLAKPVDWLFVIHVDSNPEPSGPKKKSPAA
8,30,context_masked,30.408790588378906,17.793756173593994,MSVTLCCPCLREVYCECRDRKKLARLMIVWDETQRSLWCCAGWSMHSCLMCLLRCWVKTLDLCCACCNAHRLRNPCDCLFVCCCDSNPECCGPKKKCWAA
8,30,no_mask,32.46501159667969,18.04926892444122,MSVTLWWPCLREVYCECRDRKKLARLMIVWDETQRSLWCPAGWSWHSCLPCLLRWCVKTLDLCCAPCPAHRLRPPNDPLFVCCCDSNPECCGPKKKCWAA
8,30,random,40.86560821533203,17.26898354561119,MSVTLMTPLLREVYQESRDRKKLARLMIVYDETQRSLAWQAGWSIHSFLWELLRQGVKTLDLVQAPLDAHRLRCPNDWLFVDMEDSNPELGGPKKKADAA
8,40,context_masked,37.818214416503906,18.588105742151015,WWVWLWRCTLREVWMWCCDRCKNPRLMPCWDNTQRSLWKAAGWWWHMYKPRPLRGECKWLDLCADPRIAWRLIPPVCDLFVIHCDCCPEPSCPCCKCPWA
8,40,no_mask,29.070524215698242,17.24620682466496,WWVCLWRCTLREVCMCCWDRCKCCRLMWCWDPTQRSLWKAAGWWWHCYKPRPLRGECKWLDLCAPPRIAPRLWPPVCDLFVIHCDCCPEPSCPCCKCPWA
8,40,random,32.28886032104492,20.26390338835247,IQVDLNRETLREVWMFDHDRAKYLRLMWWNDDTQRSLGKAAGWCYHWYHIRALRGETKGLDLWADQRIAWRLFHPVLDLFVIHEDLLPEPSFPGSKTPWA
8,50,context_masked,30.01882553100586,14.671687473884779,WWWTWWRCTLCECCMCCCCCKKCCRCCCCQDECHCCCPWAWGWWSCSYDPRPWRGEVCTLDCEAPPRNAHPLRVPVCDNFCIHCDCNPEPCCPKCKCCAA
8,50,no_mask,34.10664749145508,14.581259909076458,WWWTCWRCTLCECCMCCWCCKKCCRCPWCQDECCCCNWCAPGWWSCSYKPRPPRGEVWTLDCEAPPRPAHPLRVPVCDNFCIHCDCNPEPCCPKCKCWAA
8,50,random,37.07274627685547,19.416563414647506,PFFTWARNTLSEDWMPFEKHKKWYRIGDDQDESAMMVQMANGWGSESYTMRDNRGEVYTLDIEALARTAHSLRVPVMDSFHIHKDQNPEPKNPKPKYFAA
8,60,context_masked,54.501258850097656,11.941077347904393,MSYTWIMPMLWECYMEYRYYKKYYRYYYMQYEYQYSMSYAAGMYMMMMLYMLYMMMMWMLYLWAYIRIMHMLRVMWMMMMVMWWDMNPMMSMPMMMMMWA
8,60,no_mask,25.53595733642578,13.259053426684105,MSWTCIWPCLCECCMECRCCKKCCRCPWCQWECQCSNSCAAGPWWCCCLPCLPPWCCWWLWLCAPIRIWHPLRVWNCPNNVCCCDCNPCCSCPCCCCWWA
8,60,random,31.382570266723633,19.356223065733143,MSSTIIWPLLNEPIMEFRYCKKVGRTIAYQWECQSSDSGAAGCIHCCWLLPLGVQNFPVLLLSAPIRIVHWLRVNNSYDVVGQTDINPLFSTPYTHEKYA
8,70,context_masked,30.43332290649414,8.535583236422768,CWVMLCWMMWWEWYMWCCCCCKCCCLCCCCCETCCCHSCCCCWSCCSCCCCLLCCECCCCCCWAAIMCAHMCWVPVDCCFCCCCMMCPCMSMMMMMCPCA
8,70,no_mask,26.843923568725586,9.518699609183274,WWVCLWWCCCCECYMCCWCCCKCCPLPWCWWETCCCNSCPPWWSWCSCKPCLLPWECWWNWCCAAICPAHPPWVPVDPNFCCCCCCCPCCSCCCCCCPWA
8,70,random,34.82704544067383,19.905189561491934,QGVELGQIDGNETYMLYTPFPKQHALYYPGWETISVCSLHLTWSQFSHMFPLLFTEAYDVVCQAAIAGAHVTDVPVDIFFGETIYMHPTNSYCSIYVPTA
8,80,context_masked,25.23444175720215,4.796095604871799,CWVWWWCCWWWCCWCCLCDCCCCCCCCCCCCCCQCSLCCCCGCCCCCYMCCLCRGCCKTCCLCCCCCCCCCCCCCCCCCCVICCCCCCECSCCCKCWPMM
8,80,no_mask,26.52715492248535,9.262827970355396,WWVCCWWCCCCCCCCCLWDCCCCCPCPWCWWPCQCSLWCPPGPWWCCYKPCLPRGCCKTNWLCCPPCPWPPPWPWNCPNNVICCCCCCECSCCCKCCPWW
8,80,random,31.519786834716797,22.01827630156883,NFVDFFVHFDFGQSKALIDAMVRYQCQEYEHFSQKSLQWCQGMEPYKYYLQLWRGANKTIFLTVPQIGRYYPGTRHVRWLVIVHSDIREVSWAVKTEPHD
8,90,context_masked,32.05961227416992,4.4165442592034125,HCMMMMCPCCMMCMCCLMMRMMMMMMCICCCCCCCCMSMMCMMMCCMMMMCCMMMCVCMCMMMMMMMMMMMMMMMMMMMMMMCCCCCPCPCWPCKCMMMM
8,90,no_mask,24.004470825195312,6.284651566670512,WWWCCWWPCCCCCCCCLWCRCCCCPCPICWWPCCCCNSCPPWPWWCCCKPCPPPWCVWWNWCCCPPCPWPPPWPWNCPNNCCCCCCCPCPCCPCKCCWWW
8,90,random,31.896520614624023,22.233629715600806,PESACKSPNHILTLKALNWRGTCWKWQICHPWHPVWASGMPQDNQGFDMWHFIPCDVHGICTRPLAEYMYQYYHTIQVVQWNPGQVDPLPDQPDKQVGSE
8,100,context_masked,23.805192947387695,1.2373868320184656,CCCCCCCCCCCCCCCCCCCCCCCCCCCCCCCCCCCCCCCCCCCCCCCCCCCCCCCCCCCCCCCCCCCCCCCCCCCCCCCCCCCCCCCCCCCCCCCCCFSP
8,100,no_mask,24.036943435668945,4.074000445378954,WWWCCWWCCCCCCCCCCWCCCCCCPCPWCWWPCCCCNWCPPWPWWCCCKPCPPPWCCWWNWCCCPPCPWPPPWPWNCPNNCCCCCCCCCCCCCCCCCWWW
8,100,random,30.00458335876465,21.353683481005223,TQQWIKSNHHYTTAIVEMHYNYYNKWITMEQARKERADWIITLNPKWMDVKCHFVLQDEFEKSKTQEQWPKGICQMKTGTTLLYEKYACIVPYGWPTVMT
9,0,context_masked,60.23674774169922,14.016198391684048,MSKSKPVMDWQAIKAEVHRRGMTLTELAIRSGLHSSLLRKLNTITHYEGQATLASFIEQKPEHLWPNRYPKKSSGILDTAKYPPLESQKSNVAADTRVAA
9,0,no_mask,60.23674774169922,14.016198391684048,MSKSKPVMDWQAIKAEVHRRGMTLTELAIRSGLHSSLLRKLNTITHYEGQATLASFIEQKPEHLWPNRYPKKSSGILDTAKYPPLESQKSNVAADTRVAA
9,0,random,60.23674774169922,14.016198391684048,MSKSKPVMDWQAIKAEVHRRGMTLTELAIRSGLHSSLLRKLNTITHYEGQATLASFIEQKPEHLWPNRYPKKSSGILDTAKYPPLESQKSNVAADTRVAA
9,10,context_masked,52.85825729370117,20.118446380240655,MSKSCPVMDWQAPKAEVHRRGMTLCELAIRSGLHSSCLRKLNCITHCECQATLASFIEQKCEHLWPNRYPKKSSGILCTAKYPPLESQKSNVAWDTRVAA
9,10,no_mask,52.85825729370117,20.118446380240655,MSKSCPVMDWQAPKAEVHRRGMTLCELAIRSGLHSSCLRKLNCITHCECQATLASFIEQKCEHLWPNRYPKKSSGILCTAKYPPLESQKSNVAWDTRVAA
9,10,random,51.89915466308594,15.407111237767765,MSKSVPVMDWQAGKAEVHRRGMTLHELAIRSGLHSSNLRKLNPITHEEAQATLASFIEQKSEHLWPNRYPKKSSGILSTAKYPPLESQKSNVACDTRVAA
9,20,context_masked,27.435585021972656,20.511015895260403,MSKSCWVMDWCAIKCEVHRRGMWLWELWIRSWWCSSLLRCLNTITCYEGQATLASFIEQKCEHLWPCRYCKKSSGCLDTAKYPPLESQCCNVAADTRWWA
9,20,no_mask,31.595800399780273,20.401377968602397,MSKSCCVMDWCAIKCEVHRRGMCLCELWIRSWPWSSLLRCLNTITCYEGQATLASFIEQKCEHLWPCRYCKKSSGCLDTAKYPPLESQCCNVAADTRWWA
9,20,random,50.563011169433594,19.034344396500213,MSKSLMVMDWHAIKYEVHRRGMNLKELFIRSPWKSSLLRTLNTITTYEGQATLASFIEQKGEHLWPQRYKKKSSGRLDTAKYPPLESQGQNVAADTRMPA
9,30,context_masked,37.05842208862305,18.970730069486212,MWWSKWVMDWQAIWAEVHRWWCTLWELWCRSGLHSSLLRKLNCITHYECCWCCCSFCEQKPEHLWPCCCPCKSSGICDCAKYPPLESCKSNMCWDMRWAA
9,30,no_mask,32.53166198730469,18.012226040598367,MWWSKCVMDWQAIPAEVHRWWPTLCELWCRSGLHSSLLRKLNCITHYECCCCCCSFCEQKPEHLWPCCCPCKSSGICDCAKYPPLESCKSNWCWDWRWAA
9,30,random,43.030250549316406,19.697711955145778,MWFSKKVMDWQAIFAEVHRFMSTLIELYERSGLHSSLLRKLNSITHYEQGCSKNSFREQKPEHLWPYGNPVKSSGIWDKAKYPPLESHKSNIGTDQRPAA
9,40,context_masked,24.22987937927246,14.10628703638619,CSKSKPCCCWQAIKACWCCRGMTLTCCAIWSGLWCSLCCKCCCITHYCGQCTLCSFCECKPECCCCCCYCKKSSGCLCCCKYPPCESCKSNVACDCRCWA
9,40,no_mask,27.69460678100586,16.024658232926164,WSKSKPCCCWQAIKAPPPWRGMTLTCPAICSGLWCSLHCKCHCITHYCGQCTLCSFCECKPECCCCCCYCKKSSGCLCCCKYPPCESCKSNVAWDWRWWA
9,40,random,32.85612487792969,20.87397459965337,PSKSKPSSFWQAIKAWNPCRGMTLTANAIKSGLQYSLMLKKFSITHYQGQFTLHSFSEYKPEYPDEMGYCKKSSGWLLNRKYPPWESHKSNVASDVRWIA
9,50,context_masked,27.156782150268555,14.164371060183562,WWWSKPVMWCQCICAEVHWRCMCLTECWIWWGWWWSLLCKCNTCTWYWGWATLCSFCEQWPCCLWPCCCCCKCCWCWWWWWWPPLECCKWWVAADWWVWA
9,50,no_mask,26.64200782775879,13.544567708526218,WWWSKPVMCCQCIPAEVHWRWMCLTEPWICPGPWCSLLCKCNTCTCYCGCATLCSFCEQCPCCLWPCCCCCKCCCCCCCCCCPPLECCKCCVAADWWVWA
9,50,random,39.84601593017578,20.309911383053926,YPESKPVMVCQGITAEVHMRHMQLTEGEILDGGGASLLEKDNTDTKYQGAATLVSFHEQIPRKLWPDDGIPKKWSNFQPLSKPPLEMLKKEVAADPMVYA
9,60,context_masked,51.640647888183594,9.906953829172483,CSKSKCVMDWCAIKWEWHMRGMTLTMLMIRMMMHSMLMRMMMMMMMMMMMMMMMSCIMMMMMMLWMNMYPMMSMMMCDMCKMWPMMMQMMWVAAWMWVMM
9,60,no_mask,26.775554656982422,9.72500910557936,WSKSKCVCDWCAIKCEPHWRGPTLTCLWIRPWPHSCLHRCCHCCCCCCCCCCCCSCICCCCCCLWCNCYPCCSCCCCDCCKCCPCCCQCCCVAACWWVWW
9,60,random,34.45185470581055,21.647303211132495,ASKSKWVTDWRAIKSESHNRGATLTVLGIRLAWHSLLTRPNPRWQSFWMARFMCSYILWHGTGLWSNQYPWPSLKMYDLSKTTPFAVQCDWVAAWKNVKG
9,70,context_masked,39.79542541503906,8.544979246257197,CWMMKPVMWWWMIMMWVMMRGMMMMMMMMMMMMMSMLMRMMMMIMHMMMWATWMMMMMMWPMHLMMNMYPMMMMGMMMMCKWMMWEWWWMNWAADTWVWW
9,70,no_mask,26.95716094970703,8.631361471558494,WWWCKPVMCCCCIPCPVPWRGPCCCCPWCCPWPWSCLHRCCHCICHCCCCATCCCCCCCCPCHLCCNCYPCCCCGCCCCCKCCCCECCCCNWAADTWVWW
9,70,random,31.298856735229492,21.29819478645565,IPIVKPVMTLHCIMHDVTQRGIMEFLDRAGHLQLSELMRTSLHIFHCQDKATWRMEPGWWPLHLRHNIYPQLMCGTCAPLKGGIFERDRFNDAADTSVCC
9,80,context_masked,19.200023651123047,5.4843535532834276,CCMSKPCCDWCMCKCMMMRMCMMCCCCCCCCCCCMSCCCCCNMCCCYMGMCCMCCCCCCCCCCCCCCCCCCKCCGCLDCCCCPPCCCCCCCVCADCCCMM
9,80,no_mask,25.42655372619629,5.513000468969726,WWWSKPCCDWCCPKCPPPRWWPCCCCPWCCPWPWCSCHCCCNCCCCYCGCCCCCCCCCCCCCCCCCCCCCCKCCGCLDCCCCPPCCCCCCCVCADWWWWW
9,80,random,29.827375411987305,22.4001236026653,PFCSKPCIDWHDEKGQWQRHNVIINMSQTDRAHFCSHQEGANSCFWYPGIWQNHWSCKNEATPMMTTGTGPKCEGDLDYTSWPPTMMKWEYVNADWKHIL
9,90,context_masked,24.797632217407227,3.7978234063212866,HCMMMCCCCCMWMCACMMMMMMMCMMMCCCCCCCCCCMCKCCCCCCYMCCCCLACFCCCCPCCCCCCCCPCCCCCICCCCCCCCCCCQCCCCCCCMMMMM
9,90,no_mask,24.629459381103516,4.303404031445811,WWWCCCCCCCCCPPAPPPWWWPCCCCPWCCPWPWCCCHCKCHCCCCYCCCCCLACFCCCCPCCCCCCCCPCCCCCICCCCCCCCCCCQCCCWCWCWWWWW
9,90,random,27.380102157592773,23.267297320945914,HETKCRNDISDKQRAFEDEHASHTWCRIWCWCQWVIVAPKPYNNVEYGAGQDLANFSIGWPSMSVVWMKPILLDVIFVVKEGNDCGCQMMGYDITVDKYW
9,100,context_masked,23.805192947387695,1.2373868320184656,CCCCCCCCCCCCCCCCCCCCCCCCCCCCCCCCCCCCCCCCCCCCCCCCCCCCCCCCCCCCCCCCCCCCCCCCCCCCCCCCCCCCCCCCCCCCCCCCCFSP
9,100,no_mask,23.981517791748047,2.466346629940531,WWWCCCCCCCCCPPCPPPWWWPCCCCPWCCPWPWCCCHCCCHCCCCCCCCCCCCCCCCCCCCCCCCCCCCCCCCCCCCCCCCCCCCCCCCCWCWCWWWWW
9,100,random,32.59822463989258,21.311569157623737,ICCCCNNYWMMQEWDWDCDWETRYNRSVAGALSMGAMKWQFVRRKLSHNVNPNFMRHWRPIAYQELPFTYSYLMMKYGYMFHNIDRYPWIQYIFWYNMCH
